artist,style,movement,tags,url,img,file_name,genre_list,Artwork,Date
Eleanor Fortescue-Brickdale,Romanticism,Romanticism,"['Middleages', 'Prophet']",https://www.wikiart.org/en/eleanor-fortescue-brickdale/elizabeth-prayed-to-god-to-clothe-her-1910,https://uploads0.wikiart.org/00289/images/eleanor-fortescue-brickdale/efb-1910-p127-elizabeth-prayed-to-god-to-clothe-her.jpg!Large.jpg,52663-efb-1910-p127-elizabeth-prayed-to-god-to-clothe-her.jpg,['illustration'],,
Pierre-Paul Prud'hon,Romanticism,Neoclassicism,"['female-portraits', 'mother-and-child', 'Lady']",https://www.wikiart.org/en/pierre-paul-prud-hon/untitled,https://uploads8.wikiart.org/images/pierre-paul-prud-hon/untitled.jpg,31660-untitled.jpg,['portrait'],Untitled,XVIII-XIX cent.
Sorin Dumitrescu,Surrealism,Neo-Orthodoxism,['Table'],https://www.wikiart.org/en/sorin-dumitrescu/illustration-for-nichita-stanescu-s-knots-and-signs-1982,https://uploads7.wikiart.org/images/sorin-dumitrescu/illustration-for-nichita-stanescu-s-knots-and-signs-1982.jpg,243190-illustration-for-nichita-stanescu-s-knots-and-signs-1982.jpg,['illustration'],Illustration for Nichita Stanescu's Knots and Signs,1982
Edouard Cortes,Post-Impressionism,Post-Impressionism,"['streets-and-squares', 'houses-and-buildings', 'gardens-and-parks']",https://www.wikiart.org/en/edouard-cortes/tuileries-garden-1,https://uploads4.wikiart.org/images/edouard-cortes/tuileries-garden-1.jpg!Large.jpg,124633-tuileries-garden-1.jpg,['cityscape'],,
Eugene Delacroix,Romanticism,Romanticism,"['famous-people', 'Louis-de-Bourbon', 'Bishop-of-Liege', 'Crowd']",https://www.wikiart.org/en/eugene-delacroix/the-assassination-of-the-bishop-of-liege-1829,https://uploads0.wikiart.org/images/eugene-delacroix/the-assassination-of-the-bishop-of-liege-1829(1).jpg!Large.jpg,39529-the-assassination-of-the-bishop-of-liege-1829(1).jpg,['history painting'],,
Claude Monet,Impressionism,Impressionism,"['Sail', 'Sailboat', 'Sailing', 'Boat', 'Vehicle', 'Galwayhooker']",https://www.wikiart.org/en/claude-monet/regatta-at-argenteuil,https://uploads5.wikiart.org/images/claude-monet/regatta-at-argenteuil.jpg!Large.jpg,92918-regatta-at-argenteuil.jpg,['landscape'],,
Frank W. Benson,Realism,Impressionism,['Lady'],https://www.wikiart.org/en/frank-w-benson/lida-shaw-king-1868-1932-1913,https://uploads5.wikiart.org/00191/images/frank-w-benson/lida-shaw-king.jpg!Large.jpg,102824-lida-shaw-king.jpg,['portrait'],,
Mahmoud Saiid,Expressionism,Expressionism,['Facialhair'],https://www.wikiart.org/en/mahmoud-saiid/the-prophet-self-portrait,https://uploads7.wikiart.org/00117/images/mahmoud-saiid/the-prophet-self-portrait.png!Large.png,134510-the-prophet-self-portrait.png!Large.png,['self-portrait'],,
Carl Haag,Romanticism,Orientalism,,https://www.wikiart.org/en/carl-haag/the-new-arrival,https://uploads2.wikiart.org/00333/images/carl-haag/07ad1088-8a7c-4e20-bd13-52e2c019015f-570.Jpeg,54135-07ad1088-8a7c-4e20-bd13-52e2c019015f-570.Jpeg,['genre painting'],,
William Merritt Chase,Impressionism,Impressionism,['games-and-sport'],https://www.wikiart.org/en/william-merritt-chase/children-playing-parlor-croquet-sketch,https://uploads4.wikiart.org/images/william-merritt-chase/children-playing-parlor-croquet-sketch.jpg!Large.jpg,97680-children-playing-parlor-croquet-sketch.jpg,['genre painting'],,
Roger Weik,Abstract Expressionism,Abstract Art,"['Orange', 'Azure']",https://www.wikiart.org/en/roger-weik/number-318-2014,https://uploads6.wikiart.org/images/roger-weik/number-318-2014.jpg!Large.jpg,164336-number-318-2014.jpg,['abstract'],,
Dorrit Black,Expressionism,Cubism,['Font'],https://www.wikiart.org/en/dorrit-black/the-string-quartette-1935,https://uploads5.wikiart.org/00207/images/dorrit-black/the-string-quartette-1935.jpg!Large.jpg,156575-the-string-quartette-1935.jpg,['genre painting'],,
Pierre-Paul Prud'hon,Romanticism,Neoclassicism,"['male-portraits', 'Face', 'Chin', 'Lady', 'Cheek', 'Neck']",https://www.wikiart.org/en/pierre-paul-prud-hon/louis-antoine-de-saint-just-1793,https://uploads6.wikiart.org/images/pierre-paul-prud-hon/louis-antoine-de-saint-just-1793.jpg!Large.jpg,31559-louis-antoine-de-saint-just-1793.jpg,['portrait'],,
Ossip Zadkine,Expressionism,Expressionism,"['female-nude', 'male-nude', 'Sketch', 'Figuredrawing']",https://www.wikiart.org/en/ossip-zadkine/dance,https://uploads8.wikiart.org/images/ossip-zadkine/dance.jpg!Large.jpg,133818-dance.jpg,['nude painting (nu)'],,
Endre Bartos,Expressionism,Expressionism,,https://www.wikiart.org/en/endre-bartos/the-painter-dreams-about-a-forest,https://uploads8.wikiart.org/images/endre-bartos/the-painter-dreams-about-a-forest.jpg!Large.jpg,138482-the-painter-dreams-about-a-forest.jpg,['landscape'],,
Leo Leuppi,Cubism,Cubism,,https://www.wikiart.org/en/leo-leuppi/komposition-1931,https://uploads7.wikiart.org/images/leo-leuppi/komposition-1931.jpg!Large.jpg,156712-komposition-1931.jpg,['still life'],,
Hans Bellmer,Surrealism,Dada,,https://www.wikiart.org/en/hans-bellmer/child-and-seeing-hands-1950,https://uploads5.wikiart.org/images/hans-bellmer/child-and-seeing-hands-1950(1).jpg!Large.jpg,170067-child-and-seeing-hands-1950(1).jpg,['figurative'],,
William Shayer,Romanticism,Romanticism,"['roads-and-vehicles', 'group-portraits', 'boats-and-ships', 'seas-and-oceans', 'Terrain', 'Cliff', 'Pcgame']",https://www.wikiart.org/en/william-shayer/scene-in-the-isle-of-wight-1823,https://uploads8.wikiart.org/images/william-shayer/scene-in-the-isle-of-wight-1823.jpg!Large.jpg,38199-scene-in-the-isle-of-wight-1823.jpg,['genre painting'],,
Pablo Picasso,Expressionism,Post-Impressionism,['male-portraits'],https://www.wikiart.org/en/pablo-picasso/portrait-of-jaime-sabartes-the-bock-1901,https://uploads7.wikiart.org/images/pablo-picasso/portrait-of-jaime-sabartes-the-bock-1901.jpg!Large.jpg,123176-portrait-of-jaime-sabartes-the-bock-1901.jpg,['portrait'],,
David Kakabadze,Expressionism,Realism,['Building'],https://www.wikiart.org/en/david-kakabadze/paris-1920,https://uploads6.wikiart.org/images/david-kakabadze/paris-1920.jpg!Large.jpg,77499-paris-1920.jpg,['cityscape'],,
Salvador Dali,Surrealism,Surrealism,,https://www.wikiart.org/en/salvador-dali/bed-and-two-bedside-tables-ferociously-attacking-a-cello-final-stage,https://uploads8.wikiart.org/images/salvador-dali/bed-and-two-bedside-tables-ferociously-attacking-a-cello-final-stage.jpg!Large.jpg,185627-bed-and-two-bedside-tables-ferociously-attacking-a-cello-final-stage.jpg,['interior'],,
John Singer Sargent,Realism,Realism,"['animals', 'group-portraits', 'oxen']",https://www.wikiart.org/en/john-singer-sargent/shoeing-the-ox,https://uploads5.wikiart.org/images/john-singer-sargent/shoeing-the-ox.jpg!Large.jpg,73345-shoeing-the-ox.jpg,['genre painting'],,
Eastman Johnson,Realism,Realism,"['House', 'Ruralarea', 'Sky', 'Building']",https://www.wikiart.org/en/eastman-johnson/the-old-mount-vernon-1857,https://uploads3.wikiart.org/images/eastman-johnson/the-old-mount-vernon-1857.jpg!Large.jpg,62917-the-old-mount-vernon-1857.jpg,['landscape'],,
Alexandre Jacovleff,Expressionism,Neoclassicism,['Peach'],https://www.wikiart.org/en/alexandre-jacovleff/nu-2,https://uploads4.wikiart.org/images/alexandre-jacovleff/nu-2.jpg!Large.jpg,34391-nu-2.jpg,['nude painting (nu)'],,
August Macke,Expressionism,Expressionism,['female-portraits'],https://www.wikiart.org/en/august-macke/reading-woman,https://uploads6.wikiart.org/images/august-macke/reading-woman.jpg!Large.jpg,133055-reading-woman.jpg,['portrait'],,
Paul Nash,Expressionism,Abstract Art,,https://www.wikiart.org/en/paul-nash/the-corner-1919,https://uploads5.wikiart.org/00269/images/paul-nash/the-corner-19.jpg!Large.jpg,159657-the-corner-19.jpg,['landscape'],,
Camille Pissarro,Impressionism,Impressionism,['1880spaintingsfromFrance'],https://www.wikiart.org/en/camille-pissarro/the-little-country-maid-1882,https://uploads7.wikiart.org/images/camille-pissarro/the-little-country-maid-1882.jpg!Large.jpg,90245-the-little-country-maid-1882.jpg,['portrait'],,
Carlo Carra,Post-Impressionism,Futurism,,https://www.wikiart.org/en/carlo-carra/pioggia-al-mare-1929,https://uploads2.wikiart.org/images/carlo-carra/pioggia-al-mare-1929.jpg,167674-pioggia-al-mare-1929.jpg,['landscape'],,
Otto Mueller,Expressionism,Expressionism,,https://www.wikiart.org/en/otto-mueller/zigeunerwagen-1927,https://uploads1.wikiart.org/00144/images/otto-mueller/otto-mueller-zigeunerwagen-ca1927.jpeg!Large.jpeg,129153-otto-mueller-zigeunerwagen-ca1927.jpeg!Large.jpeg,['genre painting'],,
Lee Bontecou,Abstract Expressionism,Abstract Art,"['Eye', 'Iris', 'Organ', 'Sketch', 'Humanbody']",https://www.wikiart.org/en/lee-bontecou/untitled-1962-1,https://uploads7.wikiart.org/images/lee-bontecou/untitled-1962-1.jpg,163443-untitled-1962-1.jpg,['abstract'],Untitled,1962
Vilhelm Hammershoi,Symbolism,Symbolism,"['Room', 'doors-and-windows', 'sunlight']",https://www.wikiart.org/en/vilhelm-hammershoi/interior-from-strandgade-with-sunlight-on-the-floor-1901,https://uploads1.wikiart.org/images/vilhelm-hammershoi/interior-from-strandgade-with-sunlight-on-the-floor-1901.jpg!Large.jpg,83508-interior-from-strandgade-with-sunlight-on-the-floor-1901.jpg,['interior'],,
Gustave Dore,Romanticism,Romanticism,"['fictional-characters', 'Don-Quixote', 'Water', 'Tree', 'Stream']",https://www.wikiart.org/en/gustave-dore/don-quixote-151,https://uploads8.wikiart.org/images/gustave-dore/don-quixote-151.jpg!Large.jpg,46972-don-quixote-151.jpg,['illustration'],,
Zdzislaw Beksinski,Surrealism,Magic Realism,['mountains'],https://www.wikiart.org/en/zdzislaw-beksinski/untitled-492,https://uploads1.wikiart.org/images/zdislav-beksinski/untitled-170.jpg!Large.jpg,176314-untitled-170.jpg,['cityscape'],,
Caspar David Friedrich,Romanticism,Romanticism,"['Tree', 'Branch', 'Brown', 'Woodyplant', 'Plant']",https://www.wikiart.org/en/caspar-david-friedrich/grave-by-the-sea-1807,https://uploads6.wikiart.org/images/caspar-david-friedrich/grave-by-the-sea-1807.jpg!Large.jpg,36633-grave-by-the-sea-1807.jpg,['landscape'],,
Frank O'Meara,Impressionism,Impressionism,,https://www.wikiart.org/en/frank-omeara/old-woman-burning-leaves,https://uploads5.wikiart.org/00316/images/frank-omeara/old-woman-burning-leaves.jpg!Large.jpg,98640-old-woman-burning-leaves.jpg,['genre painting'],,
Dante Gabriel Rossetti,Romanticism,Romanticism,"['Greek-and-Roman-Mythology', 'Pandora', 'Lady']",https://www.wikiart.org/en/dante-gabriel-rossetti/pandora-1869,https://uploads6.wikiart.org/images/dante-gabriel-rossetti/pandora-1869.jpg!Large.jpg,45837-pandora-1869.jpg,['mythological painting'],,
Ivan Aivazovsky,Romanticism,Romanticism,,https://www.wikiart.org/en/ivan-aivazovsky/storm-at-sea,https://uploads1.wikiart.org/00380/images/ivan-aivazovsky/1-storm-at-sea-ivan-konstantinovich-aivazovsky.jpg!Large.jpg,43185-1-storm-at-sea-ivan-konstantinovich-aivazovsky.jpg,['marina'],,
Grant Wood,Impressionism,Regionalism,['Tree'],https://www.wikiart.org/en/grant-wood/the-shaking-poplar-1917,https://uploads8.wikiart.org/images/grant-wood/the-shaking-poplar-1917(1).jpg!Large.jpg,192602-the-shaking-poplar-1917(1).jpg,['landscape'],,
Childe Hassam,Impressionism,Impressionism,"['summer', 'islands-and-bays', 'Rock', 'Shore', 'Bank', 'Water', 'Coast']",https://www.wikiart.org/en/childe-hassam/summer-afternoon-isles-of-shoals,https://uploads8.wikiart.org/images/childe-hassam/summer-afternoon-isles-of-shoals.jpg!Large.jpg,101387-summer-afternoon-isles-of-shoals.jpg,['landscape'],,
Alexander Shilov,Romanticism,Kitsch,,https://www.wikiart.org/en/alexander-shilov/rosemary-flowered-1980,https://uploads4.wikiart.org/images/alexander-shilov/rosemary-flowered-1980(4).jpg!Large.jpg,237551-rosemary-flowered-1980(4).jpg,['portrait'],,
Alfred Parsons,Realism,Realism,"['Flower', 'Gardenroses', 'Rosa×centifolia', 'Floribunda', 'Juliachildrose', 'Plant', 'Floweringplant', 'Rosefamily']",https://www.wikiart.org/en/alfred-parsons/a-bunch-of-london-market-garden-moss-roses,https://uploads1.wikiart.org/images/alfred-parsons/a-bunch-of-london-market-garden-moss-roses.jpg!Large.jpg,71110-a-bunch-of-london-market-garden-moss-roses.jpg,['flower painting'],,
Alberto da Veiga Guignard,Expressionism,Modernism,,https://www.wikiart.org/en/guignard/ouro-preto-st-johns-eve-1942,https://uploads7.wikiart.org/00323/images/guignard/ouro-preto-st-john-s-eve-1942.jpg!Large.jpg,173597-ouro-preto-st-john-s-eve-1942.jpg,"['cityscape', 'landscape']",,
Ilya Repin,Realism,Realism,,https://www.wikiart.org/en/ilya-repin/portrait-of-vladimir-aleksandrovich-1910,https://uploads4.wikiart.org/images/ilya-repin/portrait-of-vladimir-aleksandrovich-1910.jpg!Large.jpg,70661-portrait-of-vladimir-aleksandrovich-1910.jpg,['portrait'],,
Paul Cezanne,Post-Impressionism,Post-Impressionism,"['seas-and-oceans', 'Sky']",https://www.wikiart.org/en/paul-cezanne/the-gulf-of-marseille-seen-from-l-estaque,https://uploads7.wikiart.org/images/paul-cezanne/the-gulf-of-marseille-seen-from-l-estaque.jpg!Large.jpg,112884-the-gulf-of-marseille-seen-from-l-estaque.jpg,['landscape'],,
Constantin Guys,Realism,Realism,,https://www.wikiart.org/en/constantin-guys/two-women-with-fans,https://uploads6.wikiart.org/images/constantin-guys/two-women-with-fans.jpg!Large.jpg,61003-two-women-with-fans.jpg,['genre painting'],,
Camille Pissarro,Impressionism,Impressionism,"['Tree', 'Atmosphericphenomenon', 'Naturallandscape', 'Sky', 'Meadow', 'spring', 'morning', 'Pasture']",https://www.wikiart.org/en/camille-pissarro/primrose-hill-regent-s-park-1892,https://uploads2.wikiart.org/images/camille-pissarro/primrose-hill-regent-s-park-1892.jpg!Large.jpg,90425-primrose-hill-regent-s-park-1892.jpg,['cityscape'],,
Roger Weik,Abstract Expressionism,Abstract Art,"['Tree', 'Rock']",https://www.wikiart.org/en/roger-weik/sb-20-2009,https://uploads1.wikiart.org/images/roger-weik/sb-20-2009.jpg!Large.jpg,164232-sb-20-2009.jpg,['abstract'],,
Joan Miro,Surrealism,Surrealism,['Pattern'],https://www.wikiart.org/en/joan-miro/the-song-of-the-vowels,https://uploads3.wikiart.org/images/joan-miro/the-song-of-the-vowels.jpg!Large.jpg,182092-the-song-of-the-vowels.jpg,['abstract'],,
Edouard Manet,Impressionism,Realism,"['female-nude', 'Lady', 'Chest']",https://www.wikiart.org/en/edouard-manet/the-blonde-with-bare-breasts-1878,https://uploads0.wikiart.org/images/edouard-manet/the-blonde-with-bare-breasts-1878.jpg!Large.jpg,64791-the-blonde-with-bare-breasts-1878.jpg,['nude painting (nu)'],,
Robert Goodnough,Abstract Expressionism,Abstract Art,['Crowd'],https://www.wikiart.org/en/robert-goodnough/9th-street-1978,https://uploads2.wikiart.org/images/robert-goodnough/9th-street-1978.jpg,162168-9th-street-1978.jpg,['abstract'],9th Street,1978
Manuela Sambo,Expressionism,Contemporary,['Organism'],https://www.wikiart.org/en/manuela-sambo/unity-of-soul-ii-2012,https://uploads8.wikiart.org/00138/images/manuela-sambo/unity-of-soul-2.jpg!Large.jpg,248827-unity-of-soul-2.jpg,['nude painting (nu)'],,
Raoul Dufy,Post-Impressionism,Post-Impressionism,"['female-nude', 'studios-and-workshops', 'Technology']",https://www.wikiart.org/en/raoul-dufy/the-two-models-1930,https://uploads1.wikiart.org/images/raoul-dufy/the-two-models-1930.jpg!Large.jpg,122149-the-two-models-1930.jpg,['nude painting (nu)'],,
Gustave Caillebotte,Impressionism,Impressionism,['gardens-and-parks'],https://www.wikiart.org/en/gustave-caillebotte/the-wall-of-the-kitchen-garden-yerres,https://uploads1.wikiart.org/images/gustave-caillebotte/the-wall-of-the-kitchen-garden-yerres.jpg!Large.jpg,97197-the-wall-of-the-kitchen-garden-yerres.jpg,['landscape'],,
Alexey  Bogolyubov,Romanticism,Romanticism,"['boats-and-ships', 'seas-and-oceans', 'battles-and-wars', 'historical-events', 'Vehicle', 'Sky', 'Boat', 'Sailingship', 'Watercraft', 'Ship', 'Frigate', 'Eastindiaman', 'Shipoftheline', 'Calm']",https://www.wikiart.org/en/alexey-bogolyubov/turkish-steamships-attack-44-gun-fregate-flora-1857,https://uploads4.wikiart.org/images/alexey-bogolyubov/turkish-steamships-attack-44-gun-fregate-flora-1857.jpg!Large.jpg,44465-turkish-steamships-attack-44-gun-fregate-flora-1857.jpg,['marina'],,
Henri Matisse,Expressionism,Impressionism,"['Organism', 'Plant']",https://www.wikiart.org/en/henri-matisse/nude-with-oranges-1951,https://uploads7.wikiart.org/images/henri-matisse/nude-with-oranges-1951.jpg!Large.jpg,106077-nude-with-oranges-1951.jpg,['nude painting (nu)'],,
Roberto Matta,Surrealism,Surrealism,,https://www.wikiart.org/en/roberto-matta/morphology-1937,https://uploads0.wikiart.org/images/roberto-matta/morphology-1937.jpg!Large.jpg,186907-morphology-1937.jpg,['symbolic painting'],,
Salvador Dali,Surrealism,Surrealism,"['Nose', 'Head', 'Jaw', 'Forehead', 'Sketch', 'Chin']",https://www.wikiart.org/en/salvador-dali/portrait-of-gala-with-a-lobster-portrait-of-gala-with-aeroplane-nose,https://uploads7.wikiart.org/images/salvador-dali/portrait-of-gala-with-a-lobster-portrait-of-gala-with-aeroplane-nose.jpg,184815-portrait-of-gala-with-a-lobster-portrait-of-gala-with-aeroplane-nose.jpg,['portrait'],Portrait of Gala with a Lobster (Portrait of Gala with Aeroplane Nose),1934
Félix Del Marle,Surrealism,Abstract Art,"['Tree', 'Religiousitem']",https://www.wikiart.org/en/f-lix-del-marle/the-tree-man-1943,https://uploads3.wikiart.org/images/f-lix-del-marle/the-tree-man-1943.jpg,159532-the-tree-man-1943.jpg,['figurative'],The Tree Man,1943
Claude Monet,Impressionism,Impressionism,"['Tree', 'Adaptation', 'Forest']",https://www.wikiart.org/en/claude-monet/lunch-on-the-grass,https://uploads2.wikiart.org/images/claude-monet/lunch-on-the-grass.jpg!Large.jpg,92783-lunch-on-the-grass.jpg,['genre painting'],,
Nicholas Roerich,Symbolism,Symbolism,"['seas-and-oceans', 'cliffs-and-rocks', 'Karelia', 'mountains', 'Naturallandscape', 'Nature', 'Rock', 'Mountain']",https://www.wikiart.org/en/nicholas-roerich/yuhinlahti-1917,https://uploads2.wikiart.org/images/nicholas-roerich/yuhinlahti-1917.jpg,85315-yuhinlahti-1917.jpg,['landscape'],Yuhinlahti,1917
Gustave Dore,Romanticism,Romanticism,"['fictional-characters', ""Charles-Perrault-'Histoires-ou-contes-du-temps-passé'"", 'Puss', 'Tree', 'Forest', 'monochrome', 'Stockphotography']",https://www.wikiart.org/en/gustave-dore/puss-in-boots,https://uploads6.wikiart.org/images/gustave-dore/puss-in-boots.jpg!Large.jpg,47112-puss-in-boots.jpg,['illustration'],,
Giuseppe de Nittis,Impressionism,Impressionism,"['games-and-sport', 'Crowd', 'People', 'Sky', '1880spaintingsfromItaly']",https://www.wikiart.org/en/giuseppe-de-nittis/the-races-at-longchamps-from-the-grandstand,https://uploads6.wikiart.org/images/giuseppe-de-nittis/the-races-at-longchamps-from-the-grandstand.jpg!Large.jpg,96780-the-races-at-longchamps-from-the-grandstand.jpg,['genre painting'],,
Carle Vernet,Neoclassicism,Neoclassicism,"['Conquistador', 'Battle', 'battles-and-wars', 'NapoleonBonaparte']",https://www.wikiart.org/en/carle-vernet/napoleon-in-the-battle-of-moskowa-in-1812-three-generals-arriving-from-the-left-to-announce-the-news,https://uploads0.wikiart.org/00289/images/carle-vernet/napoleon-in-battle-of-moskowa-by-vernet.jpg!Large.jpg,31816-napoleon-in-battle-of-moskowa-by-vernet.jpg,"['battle painting', 'history painting']",,
Istvan Ilosvai Varga,Post-Impressionism,Post-Impressionism,,https://www.wikiart.org/en/istvan-ilosvai-varga/street-at-szentendre-in-stormy-weather-1933,https://uploads7.wikiart.org/images/istvan-ilosvai-varga/street-at-szentendre-in-stormy-weather-1933.jpg,126586-street-at-szentendre-in-stormy-weather-1933.jpg,['cityscape'],Street at Szentendre in Stormy Weather,1933
Ilya Repin,Realism,Realism,"['Chin', 'Cheek', 'Forehead', 'Gentleman']",https://www.wikiart.org/en/ilya-repin/portrait-of-a-s-matveev-1881,https://uploads1.wikiart.org/images/ilya-repin/portrait-of-a-s-matveev-1881.jpg!Large.jpg,70405-portrait-of-a-s-matveev-1881.jpg,['portrait'],,
Abbott Handerson Thayer,Realism,Realism,['winter'],https://www.wikiart.org/en/abbott-handerson-thayer/blue-jays-in-winter-1909,https://uploads8.wikiart.org/00123/images/abbott-handerson-thayer/blue-jays-in-winter-1909.jpg!Large.jpg,71658-blue-jays-in-winter-1909.jpg,"['landscape', 'wildlife painting']",,
Tetyana Yablonska,Impressionism,Socialist Realism,,https://www.wikiart.org/en/tetyana-yablonska/gayane-and-a-green-window-2004,https://uploads1.wikiart.org/00124/images/tetyana-yablonska/gayane-and-a-green-window-2004-1.jpg!Large.jpg,195333-gayane-and-a-green-window-2004-1.jpg,"['genre painting', 'interior']",,
Ford Madox Brown,Romanticism,Romanticism,['Nativityscene'],https://www.wikiart.org/en/ford-madox-brown/the-finding-of-don-juan-by-haid-e-1871,https://uploads7.wikiart.org/images/ford-madox-brown/the-finding-of-don-juan-by-haid-e-1871.jpg,43799-the-finding-of-don-juan-by-haid-e-1871.jpg,['literary painting'],,
Edouard Riou,Romanticism,Romanticism,"['Boat', 'Vehicle', 'Watercraft', '1880spaintingsfromFrance']",https://www.wikiart.org/en/edouard-riou/view-of-goree-1889,https://uploads6.wikiart.org/00175/images/edouard-riou/gor-e-1889.jpg!Large.jpg,47812-gor-e-1889.jpg,['illustration'],,
Jacques Villon,Expressionism,Cubism,,https://www.wikiart.org/en/jacques-villon/untitled-1950,https://uploads7.wikiart.org/images/jacques-villon/untitled-1950.jpg,152379-untitled-1950.jpg,['symbolic painting'],,
Pierre-Auguste Renoir,Impressionism,Impressionism,,https://www.wikiart.org/en/pierre-auguste-renoir/young-girl-with-a-parasol-aline-nun%C3%A8s-1883,https://uploads8.wikiart.org/images/pierre-auguste-renoir/young-girl-with-a-parasol-aline-nunès-1883.jpg!Large.jpg,94874-young-girl-with-a-parasol-aline-nunès-1883.jpg,['genre painting'],,
Ivan Aivazovsky,Romanticism,Romanticism,"['boats-and-ships', 'seas-and-oceans', 'Wave', 'Sky', 'Sea', 'Windwave', 'Ocean', 'wind', 'Windsurfing', 'Coast', 'Tide']",https://www.wikiart.org/en/ivan-aivazovsky/sailing-in-the-sea-1884,https://uploads1.wikiart.org/images/ivan-aivazovsky/sailing-in-the-sea-1884.jpg!Large.jpg,42962-sailing-in-the-sea-1884.jpg,['marina'],,
Claude Monet,Impressionism,Impressionism,,https://www.wikiart.org/en/claude-monet/cliff-at-pourville-in-the-morning,https://uploads8.wikiart.org/images/claude-monet/cliff-at-pourville-in-the-morning.jpg!Large.jpg,93776-cliff-at-pourville-in-the-morning.jpg,['landscape'],,
Pierre Bonnard,Post-Impressionism,Post-Impressionism,['Orange'],https://www.wikiart.org/en/pierre-bonnard/fruit-on-the-red-carpet,https://uploads0.wikiart.org/images/pierre-bonnard/fruit-on-the-red-carpet.jpg!Large.jpg,118447-fruit-on-the-red-carpet.jpg,['still life'],,
Francis Bacon,Expressionism,Expressionism,,https://www.wikiart.org/en/francis-bacon/portrait-of-henrietta-moraes-1969,https://uploads3.wikiart.org/images/francis-bacon/portrait-of-henrietta-moraes-1969(1).jpg!Large.jpg,135926-portrait-of-henrietta-moraes-1969(1).jpg,['portrait'],,
Vincent van Gogh,Realism,Post-Impressionism,['reading-and-writing'],https://www.wikiart.org/en/vincent-van-gogh/man-sitting-reading-a-book-1882,https://uploads1.wikiart.org/images/vincent-van-gogh/man-sitting-reading-a-book-1882.jpg!Large.jpg,113910-man-sitting-reading-a-book-1882.jpg,['genre painting'],,
Gustave Caillebotte,Impressionism,Impressionism,['female-portraits'],https://www.wikiart.org/en/gustave-caillebotte/portrait-of-madame-x,https://uploads2.wikiart.org/images/gustave-caillebotte/portrait-of-madame-x.jpg!Large.jpg,97214-portrait-of-madame-x.jpg,['portrait'],,
John William Godward,Neoclassicism,Neoclassicism,"['female-portraits', 'Lady']",https://www.wikiart.org/en/john-william-godward/pompeian-girl-1889,https://uploads1.wikiart.org/images/john-william-godward/pompeian-girl-1889.jpg!Large.jpg,34160-pompeian-girl-1889.jpg,['portrait'],,
Tia Peltz,Expressionism,Expressionism,['Socialgroup'],https://www.wikiart.org/en/tia-peltz/chldren-s-festival,https://uploads8.wikiart.org/images/tia-peltz/chldren-s-festival.jpg!Large.jpg,137873-chldren-s-festival.jpg,['illustration'],,
Marcel Duchamp,Expressionism,Dada,"['instruments-and-mechanisms', 'Orange']",https://www.wikiart.org/en/marcel-duchamp/chocolate-grinder-1914-1,https://uploads1.wikiart.org/images/marcel-duchamp/chocolate-grinder-1914-1.jpg!Large.jpg,169184-chocolate-grinder-1914-1.jpg,['still life'],,
John William Godward,Neoclassicism,Neoclassicism,"['female-nude', 'seas-and-oceans', 'Beauty', 'summer']",https://www.wikiart.org/en/john-william-godward/nude-on-the-beach-1922,https://uploads5.wikiart.org/images/john-william-godward/nude-on-the-beach-1922.jpg!Large.jpg,34288-nude-on-the-beach-1922.jpg,['nude painting (nu)'],,
Georges Lemmen,Post-Impressionism,Neo-Impressionism,['Sitting'],https://www.wikiart.org/en/georges-lemmen/sitting-nude-on-chair-1910,https://uploads2.wikiart.org/images/georges-lemmen/sitting-nude-on-chair-1910.jpg,112378-sitting-nude-on-chair-1910.jpg,['nude painting (nu)'],Sitting Nude on Chair,1910
Pavel Svinyin,Romanticism,Romanticism,"['New-York', 'History']",https://www.wikiart.org/en/pavel-svinyin/st-paul-s-cathedral-in-new-york,https://uploads7.wikiart.org/images/pavel-svinyin/st-paul-s-cathedral-in-new-york.jpg!Large.jpg,38142-st-paul-s-cathedral-in-new-york.jpg,['cityscape'],,
Pierre-Auguste Renoir,Impressionism,Impressionism,['Sky'],https://www.wikiart.org/en/pierre-auguste-renoir/cros-de-cagnes-1905,https://uploads3.wikiart.org/images/pierre-auguste-renoir/cros-de-cagnes-1905.jpg!Large.jpg,95303-cros-de-cagnes-1905.jpg,['landscape'],,
Nicholas Roerich,Symbolism,Symbolism,"['cliffs-and-rocks', 'TibetianMythology', 'MongolianMythology', 'mountains', 'Mountainouslandforms', 'Mountain', 'Mountainrange']",https://www.wikiart.org/en/nicholas-roerich/lahaul-rocks-signs-of-gesar,https://uploads5.wikiart.org/images/nicholas-roerich/lahaul-rocks-signs-of-gesar.jpg,86053-lahaul-rocks-signs-of-gesar.jpg,['symbolic painting'],,
Elizabeth Thompson,Romanticism,Romanticism,['Fun'],https://www.wikiart.org/en/elizabeth-thompson/st-jean-d-acre,https://uploads3.wikiart.org/images/elizabeth-thompson/st-jean-d-acre.jpg,50403-st-jean-d-acre.jpg,"['landscape', 'marina']",,
Louisa Matthiasdottir,Expressionism,Expressionism,,https://www.wikiart.org/en/louisa-matthiasdottir/still-life-with-frying-pan-and-red-cabbage-1979,https://uploads4.wikiart.org/images/louisa-matthiasdottir/still-life-with-frying-pan-and-red-cabbage-1979.jpg!Large.jpg,137086-still-life-with-frying-pan-and-red-cabbage-1979.jpg,['still life'],,
Marià Fortuny,Romanticism,Romanticism,"['Death', 'birth-and-death']",https://www.wikiart.org/en/maria-fortuny/la-senyoreta-del-castillo-en-el-seu-llit-de-mort-1871,https://uploads7.wikiart.org/00277/images/maria-fortuny/fortuny-la-senyoreta-del-castillo-en-el-seu-llit-de-mort.jpg,48781-fortuny-la-senyoreta-del-castillo-en-el-seu-llit-de-mort.jpg,['genre painting'],,
Armand Guillaumin,Impressionism,Impressionism,"['winter', 'Limousin', 'Rock']",https://www.wikiart.org/en/armand-guillaumin/la-creuse-sous-la-neige-1890,https://uploads8.wikiart.org/images/armand-guillaumin/la-creuse-sous-la-neige-1890.jpg!Large.jpg,94400-la-creuse-sous-la-neige-1890.jpg,['landscape'],,
James Ward,Romanticism,Romanticism,,https://www.wikiart.org/en/james-ward/beef-1815,https://uploads0.wikiart.org/images/james-ward/beef-1815.jpg!Large.jpg,36288-beef-1815.jpg,['still life'],,
Helene Schjerfbeck,Expressionism,Realism,"['Face', 'Nose', 'Head', 'Lady', 'Cheek', 'Eyebrow', 'Chin']",https://www.wikiart.org/en/helene-schjerfbeck/portrait-of-a-girl-1,https://uploads0.wikiart.org/images/helene-schjerfbeck/portrait-of-a-girl-1.jpg,74872-portrait-of-a-girl-1.jpg,['portrait'],,
Le Corbusier,Surrealism,Cubism,['Organism'],https://www.wikiart.org/en/le-corbusier/taureau-x-1955,https://uploads6.wikiart.org/images/le-corbusier/taureau-x-1955.jpg,155797-taureau-x-1955.jpg,['figurative'],Taureau X,1955
Pyotr Konchalovsky,Post-Impressionism,Post-Impressionism,"['railway', 'forests-and-trees', 'cliffs-and-rocks', 'Ruralarea']",https://www.wikiart.org/en/pyotr-konchalovsky/landscape-with-the-railway-1935,https://uploads2.wikiart.org/images/pyotr-konchalovsky/landscape-with-the-railway-1935.jpg,121286-landscape-with-the-railway-1935.jpg,['landscape'],,
Giovanni Boldini,Impressionism,Realism,"['arts-and-crafts', 'furniture-and-decoration']",https://www.wikiart.org/en/giovanni-boldini/the-golden-frame,https://uploads4.wikiart.org/images/giovanni-boldini/the-golden-frame.jpg!Large.jpg,69373-the-golden-frame.jpg,['interior'],,
Ivan Aivazovsky,Romanticism,Romanticism,"['deserts-and-steppes', 'sunrise-and-sunset', 'mills-and-windmills', 'Sky', 'Windmill', 'Evening', 'Afterglow', 'Redskyatmorning']",https://www.wikiart.org/en/ivan-aivazovsky/windmills-in-the-ukrainian-steppe-at-sunset-1862,https://uploads8.wikiart.org/images/ivan-aivazovsky/windmills-in-the-ukrainian-steppe-at-sunset-1862.jpg!Large.jpg,42782-windmills-in-the-ukrainian-steppe-at-sunset-1862.jpg,['landscape'],,
Jacek Malczewski,Symbolism,Symbolism,"['allegories-and-symbols', 'arts-and-crafts', 'male-portraits', 'female-portraits']",https://www.wikiart.org/en/jacek-malczewski/artist-and-muse,https://uploads2.wikiart.org/images/jacek-malczewski/artist-and-muse.jpg,81870-artist-and-muse.jpg,['symbolic painting'],,
Pyotr Konchalovsky,Post-Impressionism,Post-Impressionism,"['fruits-and-vegetables', 'Stilllifephotography']",https://www.wikiart.org/en/pyotr-konchalovsky/still-life-peaches-1935,https://uploads4.wikiart.org/images/pyotr-konchalovsky/still-life-peaches-1935.jpg!Large.jpg,121292-still-life-peaches-1935.jpg,['still life'],,
Eugene Boudin,Impressionism,Impressionism,"['boats-and-ships', 'seas-and-oceans', 'mountains', 'Bodyofwater', 'Coast', 'Sea', 'Sky', 'Shore', 'Rock', 'Water', 'Headland', 'Coastalandoceaniclandforms']",https://www.wikiart.org/en/eugene-boudin/fourmis-bay-beaulieu-1891,https://uploads1.wikiart.org/images/eugene-boudin/fourmis-bay-beaulieu-1891.jpg!Large.jpg,89504-fourmis-bay-beaulieu-1891.jpg,['landscape'],,
Hans Andersen Brendekilde,Realism,Social Realism,"['Peopleinnature', 'Botany']",https://www.wikiart.org/en/hans-andersen-brendekilde/three-little-girls-picking-blackberries-1885,https://uploads5.wikiart.org/00261/images/hans-andersen-brendekilde/h-a-brendekilde-tre-sm-piger-plukker-bromb-r-ca1885.jpg!Large.jpg,139325-h-a-brendekilde-tre-sm-piger-plukker-bromb-r-ca1885.jpg,['genre painting'],,
Albert Bierstadt,Romanticism,Romanticism,,https://www.wikiart.org/en/albert-bierstadt/two-woodchucks-in-westphalian-forest-1855,https://uploads8.wikiart.org/00366/images/albert-bierstadt/screenshot-2021-11-11-113754.png,46240-screenshot-2021-11-11-113754.png,['animal painting'],,
Jose Ferraz de Almeida Junior,Realism,Realism,"['Sea', 'Rock', 'Sky', 'Coast', 'Ocean', 'Shore', 'Horizon', 'Coastalandoceaniclandforms']",https://www.wikiart.org/en/jose-ferraz-de-almeida-junior/seascape-guaruj-1895,https://uploads2.wikiart.org/images/jose-ferraz-de-almeida-junior/seascape-guaruj-1895.jpg,71936-seascape-guaruj-1895.jpg,['landscape'],,
Grégoire Michonze,Post-Impressionism,Surrealism,['Tree'],https://www.wikiart.org/en/gr-goire-michonze/animals,https://uploads4.wikiart.org/images/gr-goire-michonze/animals.jpg,183759-animals.jpg,['animal painting'],Animals,XX cent.
Cornelis Springer,Romanticism,Romanticism,"['streets-and-squares', 'Building', 'Sky', 'Medievalarchitecture', 'History', 'City']",https://www.wikiart.org/en/cornelis-springer/a-cathedral-on-a-townsquare-in-summer-1846,https://uploads4.wikiart.org/images/cornelis-springer/a-cathedral-on-a-townsquare-in-summer-1846.jpg!Large.jpg,42492-a-cathedral-on-a-townsquare-in-summer-1846.jpg,['cityscape'],,
Pekka Halonen,Realism,Realism,,https://www.wikiart.org/en/halonen-pekka/summer-idyll-1931,https://uploads3.wikiart.org/00223/images/halonen-pekka/halonen-summer-idyll.jpg!Large.jpg,75468-halonen-summer-idyll.jpg,['genre painting'],,
Raoul Dufy,Post-Impressionism,Post-Impressionism,['female-nude'],https://www.wikiart.org/en/raoul-dufy/naked-1928,https://uploads1.wikiart.org/images/raoul-dufy/naked-1928.jpg!Large.jpg,122137-naked-1928.jpg,['nude painting (nu)'],,
William Leighton Leitch,Romanticism,Romanticism,"['Building', 'Vehicle']",https://www.wikiart.org/en/william-leighton-leitch/the-pantheon-in-rome-drawing-by-leitch-engraving-by-w-b-cooke-1835,https://uploads7.wikiart.org/images/william-leighton-leitch/the-pantheon-in-rome-drawing-by-leitch-engraving-by-w-b-cooke-1835.jpg!Large.jpg,40652-the-pantheon-in-rome-drawing-by-leitch-engraving-by-w-b-cooke-1835.jpg,['cityscape'],,
John Singleton Copley,Neoclassicism,Neoclassicism,"['female-portraits', 'Lady', 'Chin']",https://www.wikiart.org/en/john-singleton-copley/lucretia-hubbard-towsend-1765,https://uploads4.wikiart.org/images/john-singleton-copley/lucretia-hubbard-towsend-1765.jpg!Large.jpg,30486-lucretia-hubbard-towsend-1765.jpg,['portrait'],,
Ilya Repin,Realism,Realism,['Lady'],https://www.wikiart.org/en/ilya-repin/portrait-of-lydia-kuznetsova-1921,https://uploads6.wikiart.org/images/ilya-repin/portrait-of-lydia-kuznetsova-1921.jpg!Large.jpg,70593-portrait-of-lydia-kuznetsova-1921.jpg,['portrait'],,
Henri de Toulouse-Lautrec,Post-Impressionism,Post-Impressionism,['female-portraits'],https://www.wikiart.org/en/henri-de-toulouse-lautrec/the-salon-in-the-rue-des-moulins-1894,https://uploads7.wikiart.org/images/henri-de-toulouse-lautrec/the-salon-in-the-rue-des-moulins-1894.jpg!Large.jpg,117419-the-salon-in-the-rue-des-moulins-1894.jpg,['genre painting'],,
Maurice Prendergast,Impressionism,Post-Impressionism,['markets-and-shops'],https://www.wikiart.org/en/maurice-prendergast/the-orange-market,https://uploads8.wikiart.org/images/maurice-prendergast/the-orange-market.jpg!Large.jpg,115856-the-orange-market.jpg,['genre painting'],,
Pablo Picasso,Surrealism,Post-Impressionism,"['characters-and-emotions', 'prayers']",https://www.wikiart.org/en/pablo-picasso/the-imploring-1937,https://uploads3.wikiart.org/images/pablo-picasso/the-imploring-1937.jpg!Large.jpg,123938-the-imploring-1937.jpg,['genre painting'],,
Martin Johnson Heade,Realism,Realism,"['Stilllifephotography', 'Flower', 'Petal', 'Plant', 'Botany', 'Floweringplant', 'Magnolia']",https://www.wikiart.org/en/martin-johnson-heade/magnolias-on-gold-velvet-cloth-1890,https://uploads0.wikiart.org/images/martin-johnson-heade/magnolias-on-gold-velvet-cloth-1890.jpg!Large.jpg,62565-magnolias-on-gold-velvet-cloth-1890.jpg,['flower painting'],,
Salvador Dali,Symbolism,Surrealism,,https://www.wikiart.org/en/salvador-dali/pieta,https://uploads8.wikiart.org/images/salvador-dali/pieta.jpg!Large.jpg,185603-pieta.jpg,['religious painting'],,
George Stefanescu,Abstract Expressionism,Post-Impressionism,"['sun-and-moon', 'sunrise-and-sunset', 'storm-and-tempest', 'seas-and-oceans', 'sunlight', 'magic-and-mistery']",https://www.wikiart.org/en/george-stefanescu/marine-at-sunrise-1994,https://uploads0.wikiart.org/images/george-stefanescu-ramnic/marine-at-sunrise-1994.jpg!Large.jpg,127323-marine-at-sunrise-1994.jpg,['marina'],,
Roger Weik,Abstract Expressionism,Abstract Art,['Orange'],https://www.wikiart.org/en/roger-weik/number-268-2014,https://uploads6.wikiart.org/images/roger-weik/number-268-2014.jpg!Large.jpg,164329-number-268-2014.jpg,['abstract'],,
Mikalojus Konstantinas Ciurlionis,Symbolism,Symbolism,"['allegories-and-symbols', 'Banknote', 'Paperproduct']",https://www.wikiart.org/en/mikalojus-ciurlionis/allegro-sonata-of-the-serpent-1908,https://uploads2.wikiart.org/images/mikalojus-ciurlionis/allegro-sonata-of-the-serpent-1908(1).jpg!Large.jpg,86855-allegro-sonata-of-the-serpent-1908(1).jpg,['symbolic painting'],,
Le Pho,Post-Impressionism,Post-Impressionism,['Lady'],https://www.wikiart.org/en/le-pho/mother-and-child,https://uploads2.wikiart.org/images/le-pho/mother-and-child.jpg,127072-mother-and-child.jpg,['genre painting'],,
Ramon Oviedo,Surrealism,Expressionism,,https://www.wikiart.org/en/ramon-oviedo/forma-de-percusion,https://uploads5.wikiart.org/images/ramon-oviedo/forma-de-percusion(4).jpg!Large.jpg,137923-forma-de-percusion(4).jpg,['figurative'],,
Gebre Kristos Desta,Abstract Expressionism,Abstract Expressionism,,https://www.wikiart.org/en/gebre-kristos-desta/reservation-1979,https://uploads6.wikiart.org/images/gebre-kristos-desta/reservation-1979.jpg,204163-reservation-1979.jpg,['symbolic painting'],Reservation,1979
Alexei Harlamoff,Realism,Realism,,https://www.wikiart.org/en/alexei-harlamoff/felia-litvinne,https://uploads6.wikiart.org/00329/images/alexei-harlamoff/felia-litvinne-1860-1936-by-alexei-alexeevich-harlamoff-1842-1925.jpg!Large.jpg,68589-felia-litvinne-1860-1936-by-alexei-alexeevich-harlamoff-1842-1925.jpg,['portrait'],,
Maxime Maufra,Post-Impressionism,Impressionism,"['countryside', 'seas-and-oceans', 'mountains', 'Finistere', 'Sky', 'Sea', 'Coast', 'Headland']",https://www.wikiart.org/en/maxime-maufra/the-village-morgat-1901,https://uploads8.wikiart.org/images/maxime-maufra/the-village-morgat-1901.jpg!Large.jpg,102150-the-village-morgat-1901.jpg,['landscape'],,
Albert Gleizes,Cubism,Cubism,,https://www.wikiart.org/en/albert-gleizes/untitled-2,https://uploads5.wikiart.org/images/albert-gleizes/untitled-2.jpg!Large.jpg,154553-untitled-2.jpg,['still life'],,
Lovis Corinth,Impressionism,Impressionism,,https://www.wikiart.org/en/lovis-corinth/the-family-of-the-painter-fritz-rumpf-1901,https://uploads8.wikiart.org/images/lovis-corinth/the-family-of-the-painter-fritz-rumpf-1901.jpg,100777-the-family-of-the-painter-fritz-rumpf-1901.jpg,['portrait'],,
Vincent van Gogh,Realism,Post-Impressionism,"['male-portraits', 'Sketch', 'Forehead', 'Human']",https://www.wikiart.org/en/vincent-van-gogh/fisherman-with-sou-wester-1883,https://uploads3.wikiart.org/images/vincent-van-gogh/fisherman-with-sou-wester-1883(1).jpg!Large.jpg,114054-fisherman-with-sou-wester-1883(1).jpg,['portrait'],,
John William Godward,Neoclassicism,Neoclassicism,"['female-portraits', 'Hair', 'Hairstyle', 'Hairaccessory', 'Headpiece', 'Beauty', 'Chin', 'Longhair', 'Haircoloring', 'Brownhair', 'Headband']",https://www.wikiart.org/en/john-william-godward/megilla-1921,https://uploads4.wikiart.org/images/john-william-godward/megilla-1921.jpg!Large.jpg,34286-megilla-1921.jpg,['portrait'],,
Zdzislaw Beksinski,Surrealism,Magic Realism,"['allegories-and-symbols', 'horsemen']",https://www.wikiart.org/en/zdzislaw-beksinski/untitled-564,https://uploads0.wikiart.org/images/zdislav-beksinski/untitled-89.jpg!Large.jpg,176386-untitled-89.jpg,['symbolic painting'],,
Marie Bashkirtseff,Realism,Realism,['Lady'],https://www.wikiart.org/en/marie-bashkirtseff/lorientale,https://uploads8.wikiart.org/00123/images/marie-bashkirtseff/l-orientale.jpg!Large.jpg,73671-l-orientale.jpg,['portrait'],,
Vincent van Gogh,Realism,Post-Impressionism,"['domestic-settings', 'Prophet']",https://www.wikiart.org/en/vincent-van-gogh/woman-grinding-coffee-1881,https://uploads5.wikiart.org/images/vincent-van-gogh/woman-grinding-coffee-1881.jpg!Large.jpg,113829-woman-grinding-coffee-1881.jpg,['genre painting'],,
Childe Hassam,Impressionism,Impressionism,"['houses-and-buildings', 'forests-and-trees', 'Naturallandscape', 'Bank', 'Waterway', 'River']",https://www.wikiart.org/en/childe-hassam/april-quai-voltaire-paris,https://uploads1.wikiart.org/images/childe-hassam/april-quai-voltaire-paris.jpg!Large.jpg,101326-april-quai-voltaire-paris.jpg,['landscape'],,
Ivan Kramskoy,Realism,Realism,"['male-portraits', 'Facialhair', 'Beard', 'Gentleman']",https://www.wikiart.org/en/ivan-kramskoy/portrait-of-the-artist-vasily-perov-1881,https://uploads7.wikiart.org/images/ivan-kramskoy/portrait-of-the-artist-vasily-perov-1881.jpg!Large.jpg,67646-portrait-of-the-artist-vasily-perov-1881.jpg,['portrait'],,
Gustave Courbet,Realism,Realism,"['rivers-and-waterfalls', 'valleys-and-hollows']",https://www.wikiart.org/en/gustave-courbet/the-source-at-ornans-1873,https://uploads3.wikiart.org/images/gustave-courbet/the-source-at-ornans-1873.jpg!Large.jpg,62451-the-source-at-ornans-1873.jpg,['landscape'],,
Henry Ossawa Tanner,Impressionism,Realism,"['Waterway', 'Bank']",https://www.wikiart.org/en/henry-ossawa-tanner/view-of-the-seine-looking-toward-notre-dame-1896,https://uploads3.wikiart.org/images/henry-ossawa-tanner/view-of-the-seine-looking-toward-notre-dame-1896.jpg!Large.jpg,73883-view-of-the-seine-looking-toward-notre-dame-1896.jpg,['cityscape'],,
Pierre Alechinsky,Surrealism,Art Informel,"['Text', 'Sketch', 'Font']",https://www.wikiart.org/en/pierre-alechinsky/my-advice-to-you-ce-que-j-en-dis-1961,https://uploads7.wikiart.org/images/pierre-alechinsky/my-advice-to-you-ce-que-j-en-dis-1961.jpg,207560-my-advice-to-you-ce-que-j-en-dis-1961.jpg,['figurative'],,
Fujishima Takeji,Impressionism,Romanticism,"['Sky', 'Sunset', 'Vehicle', 'Evening', 'Boat']",https://www.wikiart.org/en/fujishima-takeji/sunrise-kobe-port,https://uploads5.wikiart.org/00290/images/fujishima-takeji/sunrise-kobe-port-by-fujishima-takejima-pola-museum-of-art.jpg,52553-sunrise-kobe-port-by-fujishima-takejima-pola-museum-of-art.jpg,"['marina', 'cloudscape']",,
Anton Mauve,Realism,Realism,"['Tree', 'Sky']",https://www.wikiart.org/en/anton-mauve/a-dutch-road-1880,https://uploads0.wikiart.org/images/anton-mauve/a-dutch-road-1880.jpg!Large.jpg,67794-a-dutch-road-1880.jpg,['landscape'],,
Robert Lewis Reid,Impressionism,Impressionism,['Lady'],https://www.wikiart.org/en/robert-lewis-reid/girl-with-flowers,https://uploads6.wikiart.org/images/robert-lewis-reid/girl-with-flowers.jpg!Large.jpg,102973-girl-with-flowers.jpg,['portrait'],,
Joseph Farquharson,Realism,Realism,"['Nature', 'Sky', 'Atmosphericphenomenon', 'morning', 'Highland', 'Atmosphere', 'Cloud', 'Hill']",https://www.wikiart.org/en/joseph-farquharson/on-the-dee-near-woodend-aberdeenshire-1867,https://uploads5.wikiart.org/images/joseph-farquharson/on-the-dee-near-woodend-aberdeenshire-1867.jpg!Large.jpg,70983-on-the-dee-near-woodend-aberdeenshire-1867.jpg,['landscape'],,
Paul Gauguin,Impressionism,Symbolism,"['male-portraits', 'famous-people', 'Paul-Gauguin']",https://www.wikiart.org/en/paul-gauguin/self-portrait-1885,https://uploads2.wikiart.org/images/paul-gauguin/self-portrait-1885.jpg!Large.jpg,81085-self-portrait-1885.jpg,['self-portrait'],,
Gerhard Richter,Abstract Expressionism,Abstract Art,,https://www.wikiart.org/en/gerhard-richter/abstraktes-bild-abstract-painting-1976,https://uploads6.wikiart.org/images/gerhard-richter/abstraktes-bild-abstract-painting-1976.jpg!Blog.jpg,163541-abstraktes-bild-abstract-painting-1976.jpg!Blog.jpg,['abstract'],,
Renato Guttuso,Expressionism,Expressionism,['Sketch'],https://www.wikiart.org/en/renato-guttuso/still-life-in-the-studio-1962,https://uploads6.wikiart.org/images/renato-guttuso/still-life-in-the-studio-1962.jpg!Large.jpg,136243-still-life-in-the-studio-1962.jpg,['still life'],,
Richard Parkes Bonington,Romanticism,Romanticism,"['countryside', 'fields-and-plains', 'walking', 'Sky']",https://www.wikiart.org/en/richard-parkes-bonington/scene-in-normandy,https://uploads4.wikiart.org/images/richard-parkes-bonington/scene-in-normandy.jpg!Large.jpg,40447-scene-in-normandy.jpg,['landscape'],,
Maurice Utrillo,Post-Impressionism,Post-Impressionism,"['Paris', 'Building', 'Church']",https://www.wikiart.org/en/maurice-utrillo/church-in-suburbs,https://uploads4.wikiart.org/images/maurice-utrillo/church-in-suburbs.jpg!Large.jpg,125814-church-in-suburbs.jpg,['cityscape'],,
William Hart,Romanticism,Romanticism,"['Naturallandscape', 'Tree', 'Nature', 'Naturalenvironment', 'winter', 'Forest', 'Atmosphericphenomenon', 'Woodland', 'Woodyplant']",https://www.wikiart.org/en/william-hart/winter-s-morning-1877,https://uploads5.wikiart.org/images/william-hart/winter-s-morning-1877.jpg!Large.jpg,44197-winter-s-morning-1877.jpg,['landscape'],,
Max Pechstein,Expressionism,Expressionism,,https://www.wikiart.org/en/max-pechstein/sunset-over-the-blue-bridge-1922,https://uploads7.wikiart.org/images/max-pechstein/sunset-over-the-blue-bridge-1922.jpg,130977-sunset-over-the-blue-bridge-1922.jpg,['landscape'],Sunset over the Blue Bridge,1922
Carolus-Duran,Realism,Realism,"['Facialhair', 'Beard']",https://www.wikiart.org/en/carolus-duran/portrait-of-charles-gounod-1898,https://uploads5.wikiart.org/00121/images/carolus-duran/portrait-of-charles-gounod-1898.jpg!Large.jpg,67775-portrait-of-charles-gounod-1898.jpg,['portrait'],,
Horace Vernet,Romanticism,Romanticism,"['Monarch', 'Gentleman']",https://www.wikiart.org/en/horace-vernet/portrait-of-general-pablo-morillo-1820,https://uploads7.wikiart.org/images/horace-vernet/portrait-of-general-pablo-morillo-1820(1).jpg,38436-portrait-of-general-pablo-morillo-1820(1).jpg,['portrait'],Portrait of General Pablo Morillo,1820
Charles Turner,Romanticism,Romanticism,"['Photograph', 'Snapshot', 'Gentleman']",https://www.wikiart.org/en/charles-turner/william-alexander-madocks-1812,https://uploads7.wikiart.org/images/charles-turner/william-alexander-madocks-1812.jpg!Large.jpg,36485-william-alexander-madocks-1812.jpg,['portrait'],,
Giuseppe Barberis,Romanticism,Romanticism,,https://www.wikiart.org/en/giuseppe-barberis/rosa-cupola-e-campanile-della-cattedrale-1898,https://uploads8.wikiart.org/00341/images/giuseppe-barberis/bari-rosa-cupola-e-campanile-della-cattedrale-xilografia-di-barberis-1898.jpg!Large.jpg,49744-bari-rosa-cupola-e-campanile-della-cattedrale-xilografia-di-barberis-1898.jpg,['cityscape'],,
Maria Helena Vieira da Silva,Surrealism,Abstract Art,,https://www.wikiart.org/en/maria-helena-vieira-da-silva/a-partida-de-xadrez,https://uploads0.wikiart.org/images/maria-helena-vieira-da-silva/a-partida-de-xadrez.jpg,161284-a-partida-de-xadrez.jpg,['figurative'],A Partida de Xadrez,1943
Carlos Schwabe,Symbolism,Symbolism,"['Forehead', 'Blackhair']",https://www.wikiart.org/en/carlos-schwabe/angel-of-hope-1895,https://uploads7.wikiart.org/00243/images/carlos-schwabe/angelofdeath.jpg!Large.jpg,88770-angelofdeath.jpg,['symbolic painting'],,
Michael Sowa,Surrealism,Surrealism,"['animals', 'dogs', 'Trophy']",https://www.wikiart.org/en/michael-sowa/their-master-s-voice,https://uploads4.wikiart.org/images/michael-sowa/their-master-s-voice.jpg!Large.jpg,189998-their-master-s-voice.jpg,['animal painting'],,
Vera Nedkova,Expressionism,Expressionism,,https://www.wikiart.org/en/vera-nedkova/act-under-moonlight-1953,https://uploads5.wikiart.org/00135/images/vera-nedkova/1953.jpg!Large.jpg,135711-1953.jpg,['nude painting (nu)'],,
Zdzislaw Beksinski,Surrealism,Magic Realism,['allegories-and-symbols'],https://www.wikiart.org/en/zdzislaw-beksinski/untitled-224,https://uploads0.wikiart.org/images/zdislav-beksinski/untitled-444.jpg,176046-untitled-444.jpg,['symbolic painting'],,
Pablo Picasso,Cubism,Post-Impressionism,"['dishware-and-cutlery', 'skeletons-and-skulls']",https://www.wikiart.org/en/pablo-picasso/leeks-fish-head-skull-and-pitcher-1945,https://uploads5.wikiart.org/images/pablo-picasso/leeks-fish-head-skull-and-pitcher-1945.jpg!Large.jpg,124068-leeks-fish-head-skull-and-pitcher-1945.jpg,['still life'],,
Gustave Loiseau,Post-Impressionism,Post-Impressionism,"['houses-and-buildings', 'Ruralarea']",https://www.wikiart.org/en/gustave-loiseau/winter-in-chaponival,https://uploads7.wikiart.org/images/gustave-loiseau/winter-in-chaponival.jpg!Large.jpg,117886-winter-in-chaponival.jpg,['cityscape'],,
Cornelis Vreedenburgh,Impressionism,Impressionism,"['houses-and-buildings', 'boats-and-ships', 'forests-and-trees', 'Sky']",https://www.wikiart.org/en/cornelis-vreedenburgh/canal-at-loenen-aan-de-vecht,https://uploads3.wikiart.org/images/cornelis-vreedenburgh/canal-at-loenen-aan-de-vecht.jpg!Large.jpg,107291-canal-at-loenen-aan-de-vecht.jpg,['cityscape'],,
Pierre-Auguste Renoir,Impressionism,Impressionism,,https://www.wikiart.org/en/pierre-auguste-renoir/view-of-treboul,https://uploads8.wikiart.org/images/pierre-auguste-renoir/view-of-treboul.jpg!Large.jpg,95148-view-of-treboul.jpg,['landscape'],,
Maria Bozoky,Expressionism,Expressionism,['Tree'],https://www.wikiart.org/en/bozoky-maria/in-the-monastery-court-1993,https://uploads7.wikiart.org/00257/images/bozoky-maria/bozoky-ai-341.jpg!Large.jpg,137231-bozoky-ai-341.jpg,['genre painting'],,
Konstantin Gorbatov,Post-Impressionism,Post-Impressionism,,https://www.wikiart.org/en/konstantin-ivanovich-gorbatov/a-sunny-terrace-1930,https://uploads7.wikiart.org/00325/images/konstantin-ivanovich-gorbatov/konstantin-gorbatov-a-sunny-terrace.jpg!Large.jpg,121819-konstantin-gorbatov-a-sunny-terrace.jpg,['interior'],,
Frantisek Kupka,Symbolism,Abstract Art,"['arts-and-crafts', 'male-portraits', 'famous-people', 'Orange']",https://www.wikiart.org/en/frantisek-kupka/yellow-spectrum-1907,https://uploads7.wikiart.org/images/frantisek-kupka/yellow-spectrum-1907.jpg!Large.jpg,157817-yellow-spectrum-1907.jpg,['self-portrait'],,
Niccolo Cannicci,Impressionism,Realism,,https://www.wikiart.org/en/niccolo-cannicci/shepherd-with-flock,https://uploads6.wikiart.org/images/niccolo-cannicci/shepherd-with-flock.jpg,70868-shepherd-with-flock.jpg,['genre painting'],,
Roger Weik,Abstract Expressionism,Abstract Art,['Orange'],https://www.wikiart.org/en/roger-weik/number-82-2012,https://uploads5.wikiart.org/images/roger-weik/number-82-2012.jpg!Large.jpg,164287-number-82-2012.jpg,['abstract'],,
Elin Danielson-Gambogi,Realism,Realism,['Hair'],https://www.wikiart.org/en/danielson-gambogi-elin/under-appeltradet-1898,https://uploads6.wikiart.org/00223/images/danielson-gambogi-elin/elin-danielson-gambogi-under-the-apple-tree-1898-1.jpg!Large.jpg,74689-elin-danielson-gambogi-under-the-apple-tree-1898-1.jpg,['portrait'],,
Pierre-Paul Prud'hon,Romanticism,Neoclassicism,"['female-nude', 'Greek-and-Roman-Mythology', 'couples', 'Cupid-and-Psyche', 'Adonis', 'Aphrodite/Venus', 'Lady']",https://www.wikiart.org/en/pierre-paul-prud-hon/study-for-venus-and-adonis,https://uploads0.wikiart.org/images/pierre-paul-prud-hon/study-for-venus-and-adonis.jpg!Large.jpg,31654-study-for-venus-and-adonis.jpg,['mythological painting'],,
Berthe Morisot,Impressionism,Impressionism,"['Fashionillustration', 'Sketch']",https://www.wikiart.org/en/berthe-morisot/the-violin,https://uploads5.wikiart.org/images/berthe-morisot/the-violin.jpg!Large.jpg,94362-the-violin.jpg,['genre painting'],,
Miklos Barabas,Romanticism,Romanticism,['Lady'],https://www.wikiart.org/en/miklos-barabas/portrait-of-j-nos-l-szl-pyrker-bishop-of-eger-1842,https://uploads8.wikiart.org/images/miklos-barabas/portrait-of-j-nos-l-szl-pyrker-bishop-of-eger-1842.jpg,41613-portrait-of-j-nos-l-szl-pyrker-bishop-of-eger-1842.jpg,['portrait'],,
Margit Selska,Post-Impressionism,Post-Impressionism,"['Humansettlement', 'City']",https://www.wikiart.org/en/margit-selska/crimean-landscape-1960,https://uploads4.wikiart.org/00125/images/margit-selska/crimean-landscape-1960.JPG,126836-crimean-landscape-1960.JPG,['cityscape'],,
Clarence Gagnon,Impressionism,Impressionism,['Building'],https://www.wikiart.org/en/clarence-gagnon/moonlight-street-pont-de-l-arche-1908-1,https://uploads8.wikiart.org/images/clarence-gagnon/moonlight-street-pont-de-l-arche-1908-1.jpg!Large.jpg,107443-moonlight-street-pont-de-l-arche-1908-1.jpg,['cityscape'],,
Gustave Loiseau,Post-Impressionism,Post-Impressionism,"['houses-and-buildings', 'forests-and-trees', 'Tree', 'House', 'Ruralarea']",https://www.wikiart.org/en/gustave-loiseau/road-to-versailles-1910,https://uploads1.wikiart.org/images/gustave-loiseau/road-to-versailles-1910.jpg!Large.jpg,117740-road-to-versailles-1910.jpg,['cityscape'],,
Anders Zorn,Realism,Realism,"['male-portraits', 'famous-people', 'Antonin-Proust']",https://www.wikiart.org/en/anders-zorn/antonin-proust,https://uploads6.wikiart.org/images/anders-zorn/antonin-proust.jpg!Large.jpg,74160-antonin-proust.jpg,['portrait'],,
Louis Marcoussis,Cubism,Cubism,['Font'],https://www.wikiart.org/en/louis-marcoussis/the-cardplayer-1921,https://uploads6.wikiart.org/images/louis-marcoussis/the-cardplayer-1921.jpg,152638-the-cardplayer-1921.jpg,['portrait'],The Cardplayer,1921
Eileen Agar,Surrealism,Surrealism,,https://www.wikiart.org/en/eileen-agar/untitled-1963,https://uploads4.wikiart.org/images/eileen-agar/untitled-1963.jpg,183571-untitled-1963.jpg,['figurative'],,
Konstantin Gorbatov,Post-Impressionism,Post-Impressionism,,https://www.wikiart.org/en/konstantin-ivanovich-gorbatov/nizhny-novgorod-1919,https://uploads7.wikiart.org/00325/images/konstantin-ivanovich-gorbatov/konstantin-gorbatov-nizhny-novgorod.jpg!Large.jpg,121748-konstantin-gorbatov-nizhny-novgorod.jpg,['marina'],,
Marià Fortuny,Romanticism,Romanticism,,https://www.wikiart.org/en/maria-fortuny/the-procession-surprised-by-the-rain,https://uploads5.wikiart.org/00313/images/maria-fortuny/mariano-fortuny-y-marsal-procesi-n-sorpendida-por-la-lluvia.jpg!Large.jpg,48826-mariano-fortuny-y-marsal-procesi-n-sorpendida-por-la-lluvia.jpg,['genre painting'],,
John Singer Sargent,Realism,Realism,"['famous-people', 'female-portraits', 'Lady']",https://www.wikiart.org/en/john-singer-sargent/mrs-william-shakespeare-louise-weiland,https://uploads2.wikiart.org/images/john-singer-sargent/mrs-william-shakespeare-louise-weiland.jpg!Large.jpg,73023-mrs-william-shakespeare-louise-weiland.jpg,['portrait'],,
Claude Monet,Impressionism,Impressionism,"['Sky', 'Waterway', 'Water']",https://www.wikiart.org/en/claude-monet/the-port-at-zaandam,https://uploads3.wikiart.org/images/claude-monet/the-port-at-zaandam.jpg!Large.jpg,92881-the-port-at-zaandam.jpg,['cityscape'],,
Max Ernst,Surrealism,Dada,"['allegories-and-symbols', 'beasts-and-dragons', 'Jumping']",https://www.wikiart.org/en/max-ernst/the-angel-of-hearth-and-home-1937,https://uploads5.wikiart.org/images/max-ernst/the-angel-of-hearth-and-home-1937.jpg!Large.jpg,169712-the-angel-of-hearth-and-home-1937.jpg,['symbolic painting'],,
Pyotr Konchalovsky,Post-Impressionism,Post-Impressionism,"['Crimea', 'mountains', 'Crimean-Mountains']",https://www.wikiart.org/en/pyotr-konchalovsky/crimea-the-rocks-by-the-sea-1929,https://uploads3.wikiart.org/images/pyotr-konchalovsky/crimea-the-rocks-by-the-sea-1929.jpg,121103-crimea-the-rocks-by-the-sea-1929.jpg,['landscape'],,
Paul Nash,Expressionism,Abstract Art,,https://www.wikiart.org/en/paul-nash/woodcut-self-portrait-1923,https://uploads7.wikiart.org/00269/images/paul-nash/woodcut-self-portrait-23.png!Large.png,159666-woodcut-self-portrait-23.png!Large.png,['self-portrait'],,
Zinaida Serebriakova,Expressionism,Symbolism,"['fields-and-plains', 'Sky', 'Cloud']",https://www.wikiart.org/en/zinaida-serebriakova/mown-field-1934,https://uploads7.wikiart.org/images/zinaida-serebriakova/mown-field-1934.jpg!Large.jpg,88680-mown-field-1934.jpg,['landscape'],,
Giovanni Boldini,Realism,Realism,"['male-portraits', 'famous-people', 'Musician', 'Gentleman']",https://www.wikiart.org/en/giovanni-boldini/portrait-of-emanuele-muzio-1892,https://uploads1.wikiart.org/images/giovanni-boldini/portrait-of-emanuele-muzio-1892.jpg!Large.jpg,69384-portrait-of-emanuele-muzio-1892.jpg,['portrait'],,
John Singer Sargent,Impressionism,Realism,"['female-portraits', 'Lady']",https://www.wikiart.org/en/john-singer-sargent/girl-with-a-sickle-1885,https://uploads5.wikiart.org/images/john-singer-sargent/girl-with-a-sickle-1885.jpg!Large.jpg,72857-girl-with-a-sickle-1885.jpg,['portrait'],,
Tom Roberts,Impressionism,Impressionism,"['Hair', 'Hairstyle', 'Chin', 'Forehead']",https://www.wikiart.org/en/tom-roberts/miss-florence-greaves-1898,https://uploads0.wikiart.org/images/tom-roberts/miss-florence-greaves-1898.jpg!Large.jpg,100184-miss-florence-greaves-1898.jpg,['portrait'],,
Oleksa Novakivskyi,Post-Impressionism,Post-Impressionism,"['Elder', 'Prophet']",https://www.wikiart.org/en/oleksa-novakivskiy/portret-silvestra-golubovskogo-1933,https://uploads8.wikiart.org/00291/images/oleksa-novakivskiy/06-1.jpg!Large.jpg,120488-06-1.jpg,['portrait'],,
Fujishima Takeji,Impressionism,Romanticism,,https://www.wikiart.org/en/fujishima-takeji/swiss-officers-part-of-raphaels-the-mass-at-bolsena,https://uploads2.wikiart.org/00290/images/fujishima-takeji/swiss-officers-part-of-raphael-s-mass-at-bolsena-by-fujishima-takeji-geidai-museum.jpg,52554-swiss-officers-part-of-raphael-s-mass-at-bolsena-by-fujishima-takeji-geidai-museum.jpg,['portrait'],,
Vincent van Gogh,Post-Impressionism,Post-Impressionism,"['childrenportraits', 'Peopleinnature']",https://www.wikiart.org/en/vincent-van-gogh/child-with-orange-1890,https://uploads4.wikiart.org/images/vincent-van-gogh/child-with-orange-1890(1).jpg!Large.jpg,115446-child-with-orange-1890(1).jpg,['portrait'],,
George Stubbs,Romanticism,Romanticism,"['animals', 'dogs', 'Canidae', 'Dog', 'Carnivore']",https://www.wikiart.org/en/george-stubbs/freeman-the-earl-of-clarendon-s-gamekeeper-with-a-dying-doe-and-hound-1800,https://uploads5.wikiart.org/images/george-stubbs/freeman-the-earl-of-clarendon-s-gamekeeper-with-a-dying-doe-and-hound-1800.jpg!Large.jpg,34497-freeman-the-earl-of-clarendon-s-gamekeeper-with-a-dying-doe-and-hound-1800.jpg,['genre painting'],,
Constantin Piliuta,Post-Impressionism,Post-Impressionism,['Gentleman'],https://www.wikiart.org/en/constantin-piliuta/arghezi,https://uploads6.wikiart.org/images/constantin-piliuta/arghezi.jpg!Large.jpg,127575-arghezi.jpg,['portrait'],,
Jean David,Cubism,Surrealism,,https://www.wikiart.org/en/jean-david/still-life-on-a-white-tablecloth,https://uploads4.wikiart.org/images/jean-david/still-life-on-a-white-tablecloth.jpg,186079-still-life-on-a-white-tablecloth.jpg,['still life'],Still Life on a White Tablecloth,XX cent.
Zinaida Serebriakova,Expressionism,Symbolism,['male-portraits'],https://www.wikiart.org/en/zinaida-serebriakova/portrait-of-s-m-lifar-1961,https://uploads0.wikiart.org/images/zinaida-serebriakova/portrait-of-s-m-lifar-1961.jpg!Large.jpg,88747-portrait-of-s-m-lifar-1961.jpg,['portrait'],,
Gustave Dore,Romanticism,Romanticism,"['animals', 'battles-and-wars', 'bulls', 'Bull', 'bullfighting', 'Bovine', 'Matador', 'Tradition', 'Publicevent', 'Ox', 'Workinganimal', 'Animalsports']",https://www.wikiart.org/en/gustave-dore/estocade,https://uploads1.wikiart.org/images/gustave-dore/estocade.jpg!Large.jpg,46989-estocade.jpg,['genre painting'],,
David Allan,Romanticism,Romanticism,['Child'],https://www.wikiart.org/en/david-allan/portrait-of-two-boys-1783,https://uploads8.wikiart.org/images/david-allan/portrait-of-two-boys-1783.jpg!Large.jpg,34931-portrait-of-two-boys-1783.jpg,['portrait'],,
Roger Weik,Abstract Expressionism,Abstract Art,['Turquoise'],https://www.wikiart.org/en/roger-weik/396-2015,https://uploads8.wikiart.org/images/roger-weik/396-2015.jpg!Large.jpg,164385-396-2015.jpg,['abstract'],,
Ivan Aivazovsky,Romanticism,Romanticism,"['countryside', 'fields-and-plains', 'Sky', 'Atmosphericphenomenon', 'Tree', 'Atmosphere']",https://www.wikiart.org/en/ivan-aivazovsky/ox-cart-crossing-a-flooded-plain-1897,https://uploads6.wikiart.org/images/ivan-aivazovsky/ox-cart-crossing-a-flooded-plain-1897.jpg!Large.jpg,43073-ox-cart-crossing-a-flooded-plain-1897.jpg,['genre painting'],,
Salvador Dali,Surrealism,Surrealism,['Sketch'],https://www.wikiart.org/en/salvador-dali/cannibalism-of-the-objects,https://uploads2.wikiart.org/images/salvador-dali/cannibalism-of-the-objects.jpg!Large.jpg,184909-cannibalism-of-the-objects.jpg,['symbolic painting'],,
Gustave Dore,Romanticism,Romanticism,"['Christianity', 'Deborah', 'Stockphotography']",https://www.wikiart.org/en/gustave-dore/deborah-engraved-by-ettlin,https://uploads1.wikiart.org/images/gustave-dore/deborah-engraved-by-ettlin.jpg!Large.jpg,46688-deborah-engraved-by-ettlin.jpg,['religious painting'],,
Claude Monet,Impressionism,Impressionism,"['Flowerpot', 'Stilllifephotography', 'Flower', 'Plant', 'Botany', 'Bouquet']",https://www.wikiart.org/en/claude-monet/chrysanthemums-1881,https://uploads3.wikiart.org/images/claude-monet/chrysanthemums-1881.jpg!Large.jpg,93234-chrysanthemums-1881.jpg,['flower painting'],,
George Dawe,Neoclassicism,Neoclassicism,,https://www.wikiart.org/en/george-dawe/portrait-of-emperor-nicholas-i-1828,https://uploads7.wikiart.org/00318/images/george-dawe/nicholas-i-by-george-dawe-1828-russian-museum.jpg!Large.jpg,32744-nicholas-i-by-george-dawe-1828-russian-museum.jpg,['portrait'],,
Cornelis Springer,Romanticism,Romanticism,"['streets-and-squares', 'markets-and-shops', 'folk-architecture']",https://www.wikiart.org/en/cornelis-springer/street-scene,https://uploads1.wikiart.org/images/cornelis-springer/street-scene.jpg!Large.jpg,42538-street-scene.jpg,['cityscape'],,
Jacek Yerka,Surrealism,Surrealism,"['allegories-and-symbols', 'cottages-and-farmhouses', 'forests-and-trees', 'Tree']",https://www.wikiart.org/en/jacek-yerka/ecosystem-2002,https://uploads6.wikiart.org/images/jacek-yerka/ecosystem-2002.jpg!Large.jpg,190145-ecosystem-2002.jpg,['symbolic painting'],,
